timestamp,request_id,question,prompt_type,prompt_content,answer,rating,loop_count,input_tokens,output_tokens,total_tokens
2026-06-24T13:19:45.989284,6fc09cf6-6b01-4429-a8fe-8681ce01688a,AIとは何ですか？,normal,"あなたは PDF ドキュメント内容に基づいて質問に答える AI アシスタントです。

【ルール】
- 以下の「コンテキスト」の内容のみを根拠に答えてください
- コンテキストに含まれていない情報は答えないでください
- 「わかりません」や「記載されていません」と明確に答えてください
- 回答は原則 1〜3 文で簡潔に述べ、冗長な前置きや繰り返しを避けてください

【コンテキスト】
{context}

【質問】
{question}

【回答】
",AIとはArtificial Intelligenceの略で、日本語では「人工知能」と訳されます。人間の脳に近い働きを目指して1950年代から研究・開発が進められており、データを与えれば学習し、自ら動き、人間のような働きをすることが特徴です。,pending,0,0,0,0
2026-06-24T13:19:55.101654,14ebf276-3de1-4b8d-8e4f-007a17f29d1d,AIとは何ですか？,retry,"あなたは PDF ドキュメント内容に基づいて質問に答える AI アシスタントです。
前回の回答に対してユーザーが満足しなかったため、今回はより詳しく説明してください。

【ルール】
- 以下の「コンテキスト」の内容のみを根拠に答えてください
- コンテキストに含まれていない情報は答えないでください
- 「わかりません」や「記載されていません」と明確に答えてください
- 前回の回答では不十分でした。より詳しく説明し、背景情報や具体例を含めてください。3〜5文程度で詳細に述べてください。

【コンテキスト】
{context}

【質問】
{question}

【回答】
前回の回答よりも詳しく：
",AIとは、Artificial Intelligenceの略で、日本語では「人工知能」と訳されます。1950年代から約70年にわたり、コンピュータの進化とともに人間の脳に近い働きを目指して研究・開発が進められてきました。AIは、データを与えられることで学習し、自ら動き、人間のような働きをする能力を持つことが特徴です。ロボットとは異なり、AIは特にデータ処理や分析に強みを持ち、ビッグデータの収集とそれを瞬時に分析できる高性能コンピュータの発展がその進化を支えています。このように、AIは多様な種類や役割を持ち、定義が難しい一方で、私たちの日常生活やビジネスにおいて重要な役割を果たしています。,pending,1,0,0,0
2026-06-24T13:20:02.614908,21b502f3-9386-4337-9611-c05ed094ea72,AIとは何ですか？,retry,"あなたは PDF ドキュメント内容に基づいて質問に答える AI アシスタントです。
前回の回答に対してユーザーが満足しなかったため、今回はより詳しく説明してください。

【ルール】
- 以下の「コンテキスト」の内容のみを根拠に答えてください
- コンテキストに含まれていない情報は答えないでください
- 「わかりません」や「記載されていません」と明確に答えてください
- 前回の回答では不十分でした。より詳しく説明し、背景情報や具体例を含めてください。3〜5文程度で詳細に述べてください。

【コンテキスト】
{context}

【質問】
{question}

【回答】
前回の回答よりも詳しく：
",AIとは「Artificial Intelligence」の略で、日本語では「人工知能」と訳されます。1950年代から約70年にわたり、コンピュータの進化とともに人間の脳に近い働きを目指して研究が進められてきました。AIは、データを与えられることで学習し、自ら動き、人間のような働きをする能力を持つことが特徴です。ロボットとは異なり、AIは特にデータ分析や学習に特化しており、その進化にはビッグデータの収集と高性能コンピュータの開発が大きな役割を果たしています。このように、AIは多様な種類や役割を持ち、適切に活用するためにはAIリテラシーが重要です。,pending,2,0,0,0
2026-06-24T13:22:19.122143,b58f753c-14cf-4fe7-9cc6-61f60326db68,AIとは何ですか？,normal,"あなたは PDF ドキュメント内容に基づいて質問に答える AI アシスタントです。

【ルール】
- 以下の「コンテキスト」の内容のみを根拠に答えてください
- コンテキストに含まれていない情報は答えないでください
- 「わかりません」や「記載されていません」と明確に答えてください
- 回答は原則 1〜3 文で簡潔に述べ、冗長な前置きや繰り返しを避けてください

【コンテキスト】
{context}

【質問】
{question}

【回答】
",AIとはArtificial Intelligenceの略で、日本語では「人工知能」と訳されます。人間の脳に近い働きを目指して、1950年代から約70年にわたり研究と開発が進められてきました。AIはデータを与えれば学習し、自ら動き、人間のような働きをすることが特徴です。,pending,0,0,0,0
2026-06-24T13:22:27.250368,814221f3-49df-4a20-a965-bf9b62ee269f,AIとは何ですか？,retry,"あなたは PDF ドキュメント内容に基づいて質問に答える AI アシスタントです。
前回の回答に対してユーザーが満足しなかったため、今回はより詳しく説明してください。

【ルール】
- 以下の「コンテキスト」の内容のみを根拠に答えてください
- コンテキストに含まれていない情報は答えないでください
- 「わかりません」や「記載されていません」と明確に答えてください
- 前回の回答では不十分でした。より詳しく説明し、背景情報や具体例を含めてください。3〜5文程度で詳細に述べてください。

【コンテキスト】
{context}

【質問】
{question}

【回答】
前回の回答よりも詳しく：
",AIとは「Artificial Intelligence」の略で、日本語では「人工知能」と訳されます。1950年代から約70年にわたり、コンピュータの進化とともに、人間の脳に近い働きを目指して研究と開発が進められてきました。AIは非常に幅広い種類や役割を持ち、定義が難しいですが、一般的には「データを与えれば学習し、自ら動き、人間のような働きをする」という特徴があります。この進化には、ビッグデータの収集とそれらを瞬時に分析できる高性能コンピュータの開発が大きな役割を果たしています。AIは、教育やビジネスなどさまざまな分野で活用され、特に生成AIのような新しい技術が注目されています。,pending,1,0,0,0
2026-06-24T13:32:34.268750,36ddde7a-a703-4985-81d8-a4ba271e40f9,AIとは、何ですか？,normal,"あなたは PDF ドキュメント内容に基づいて質問に答える AI アシスタントです。

【ルール】
- 以下の「コンテキスト」の内容のみを根拠に答えてください
- コンテキストに含まれていない情報は答えないでください
- 「わかりません」や「記載されていません」と明確に答えてください
- 回答は原則 1〜3 文で簡潔に述べ、冗長な前置きや繰り返しを避けてください

【コンテキスト】
{context}

【質問】
{question}

【回答】
",AIとはArtificial Intelligenceの略で、日本語では「人工知能」と訳されます。人間の脳に近い働きを目指して1950年代から研究と開発が進められてきた技術です。データを与えれば学習し、自ら動き、人間のような働きをすることが特徴です。,pending,0,0,0,0
2026-06-24T13:32:42.908792,7c64e26b-9dad-4001-aba8-198d60b94a03,AIとは、何ですか？,retry,"あなたは PDF ドキュメント内容に基づいて質問に答える AI アシスタントです。
前回の回答に対してユーザーが満足しなかったため、今回はより詳しく説明してください。

【ルール】
- 以下の「コンテキスト」の内容のみを根拠に答えてください
- コンテキストに含まれていない情報は答えないでください
- 「わかりません」や「記載されていません」と明確に答えてください
- 前回の回答では不十分でした。より詳しく説明し、背景情報や具体例を含めてください。3〜5文程度で詳細に述べてください。

【コンテキスト】
{context}

【質問】
{question}

【回答】
前回の回答よりも詳しく：
",AIとは「Artificial Intelligence」の略で、日本語では「人工知能」と訳されます。1950年代から約70年にわたり、コンピュータの進化とともに人間の脳に近い働きを目指して研究と開発が進められてきました。AIの定義は広範であり、ロボットとは異なり、「データを与えれば学習し、自ら動き、人間のような働きをする」という特性があります。AIの進化には、ビッグデータの収集とそれを瞬時に分析できる高性能コンピュータの開発が大きく寄与しています。このように、AIは単なるプログラムではなく、学習能力を持ち、さまざまな分野での応用が期待されています。,pending,1,0,0,0
2026-06-24T13:32:51.854808,b79ee39e-9466-40ec-ac29-75e6f737893f,AIとは、何ですか？,retry,"あなたは PDF ドキュメント内容に基づいて質問に答える AI アシスタントです。
前回の回答に対してユーザーが満足しなかったため、今回はより詳しく説明してください。

【ルール】
- 以下の「コンテキスト」の内容のみを根拠に答えてください
- コンテキストに含まれていない情報は答えないでください
- 「わかりません」や「記載されていません」と明確に答えてください
- 前回の回答では不十分でした。より詳しく説明し、背景情報や具体例を含めてください。3〜5文程度で詳細に述べてください。

【コンテキスト】
{context}

【質問】
{question}

【回答】
前回の回答よりも詳しく：
",AIとは「Artificial Intelligence」の略で、日本語では「人工知能」と訳されます。1950年代から約70年にわたり、コンピュータの進化とともに、人間の脳に近い働きを目指して研究と開発が進められてきました。AIは、データを与えられることで学習し、自ら動き、人間のような働きをする能力を持つため、ロボットとは異なる存在です。AIの種類や役割は多岐にわたり、定義することが難しいですが、主に「AIを適切に使いこなすための知識」を指すAIリテラシーが重要視されています。AIの進化には、ビッグデータの収集とそれを瞬時に分析する高性能なコンピュータの開発が大きな役割を果たしています。,pending,2,0,0,0
